,subj_idx,response,rt
adaptive_n_back_0_067,0,1.0,0.403
adaptive_n_back_0_069,0,1.0,1.054
adaptive_n_back_0_071,0,1.0,0.621
adaptive_n_back_0_073,0,0.0,0.509
adaptive_n_back_0_075,0,0.0,0.482
adaptive_n_back_0_077,0,1.0,0.542
adaptive_n_back_0_079,0,1.0,0.621
adaptive_n_back_0_081,0,1.0,0.825
adaptive_n_back_0_083,0,1.0,0.651
adaptive_n_back_0_085,0,1.0,0.575
adaptive_n_back_0_087,0,1.0,0.461
adaptive_n_back_0_089,0,1.0,0.676
adaptive_n_back_0_091,0,1.0,0.441
adaptive_n_back_0_093,0,0.0,0.539
adaptive_n_back_0_095,0,0.0,0.4
adaptive_n_back_0_097,0,1.0,0.378
adaptive_n_back_0_099,0,0.0,0.686
adaptive_n_back_0_101,0,1.0,0.788
adaptive_n_back_0_103,0,1.0,0.772
adaptive_n_back_0_105,0,1.0,0.577
adaptive_n_back_0_107,0,1.0,0.72
adaptive_n_back_0_109,0,0.0,0.693
adaptive_n_back_0_157,0,1.0,0.473
adaptive_n_back_0_159,0,1.0,0.408
adaptive_n_back_0_161,0,1.0,0.636
adaptive_n_back_0_163,0,0.0,0.594
adaptive_n_back_0_165,0,0.0,0.879
adaptive_n_back_0_167,0,0.0,0.868
adaptive_n_back_0_169,0,0.0,0.436
adaptive_n_back_0_171,0,1.0,0.785
adaptive_n_back_0_173,0,1.0,0.718
adaptive_n_back_0_175,0,1.0,0.703
adaptive_n_back_0_177,0,1.0,0.699
adaptive_n_back_0_179,0,1.0,0.812
adaptive_n_back_0_181,0,1.0,0.816
adaptive_n_back_0_183,0,1.0,0.759
adaptive_n_back_0_185,0,1.0,0.542
adaptive_n_back_0_187,0,1.0,0.644
adaptive_n_back_0_189,0,1.0,0.698
adaptive_n_back_0_191,0,1.0,0.671
adaptive_n_back_0_193,0,1.0,0.563
adaptive_n_back_0_195,0,1.0,1.05
adaptive_n_back_0_197,0,0.0,1.52
adaptive_n_back_0_199,0,1.0,0.737
adaptive_n_back_0_203,0,1.0,0.336
adaptive_n_back_0_205,0,1.0,0.291
adaptive_n_back_0_207,0,1.0,0.77
adaptive_n_back_0_209,0,1.0,0.612
adaptive_n_back_0_211,0,1.0,0.608
adaptive_n_back_0_213,0,1.0,0.52
adaptive_n_back_0_215,0,1.0,0.733
adaptive_n_back_0_217,0,1.0,0.457
adaptive_n_back_0_219,0,1.0,0.416
adaptive_n_back_0_221,0,1.0,0.739
adaptive_n_back_0_223,0,1.0,0.839
adaptive_n_back_0_225,0,0.0,0.622
adaptive_n_back_0_227,0,1.0,0.553
adaptive_n_back_0_229,0,0.0,0.634
adaptive_n_back_0_231,0,1.0,0.574
adaptive_n_back_0_233,0,1.0,0.499
adaptive_n_back_0_235,0,1.0,0.422
adaptive_n_back_0_237,0,0.0,0.487
adaptive_n_back_0_239,0,1.0,0.458
adaptive_n_back_0_241,0,1.0,0.512
adaptive_n_back_0_243,0,1.0,0.523
adaptive_n_back_0_245,0,0.0,0.701
adaptive_n_back_0_249,0,1.0,0.752
adaptive_n_back_0_251,0,1.0,0.287
adaptive_n_back_0_253,0,1.0,0.458
adaptive_n_back_0_255,0,1.0,0.398
adaptive_n_back_0_257,0,1.0,0.465
adaptive_n_back_0_259,0,0.0,0.764
adaptive_n_back_0_261,0,0.0,0.775
adaptive_n_back_0_263,0,1.0,0.739
adaptive_n_back_0_265,0,1.0,0.613
adaptive_n_back_0_267,0,1.0,0.472
adaptive_n_back_0_269,0,1.0,0.488
adaptive_n_back_0_271,0,1.0,0.557
adaptive_n_back_0_273,0,1.0,0.544
adaptive_n_back_0_275,0,1.0,0.595
adaptive_n_back_0_277,0,1.0,0.92
adaptive_n_back_0_279,0,0.0,0.899
adaptive_n_back_0_281,0,1.0,0.634
adaptive_n_back_0_283,0,1.0,0.478
adaptive_n_back_0_285,0,1.0,0.414
adaptive_n_back_0_287,0,0.0,0.544
adaptive_n_back_0_289,0,1.0,0.632
adaptive_n_back_0_291,0,1.0,0.52
adaptive_n_back_0_295,0,1.0,0.52
adaptive_n_back_0_297,0,1.0,0.407
adaptive_n_back_0_299,0,1.0,0.907
adaptive_n_back_0_301,0,1.0,0.86
adaptive_n_back_0_303,0,1.0,1.054
adaptive_n_back_0_305,0,1.0,0.858
adaptive_n_back_0_307,0,1.0,0.861
adaptive_n_back_0_309,0,1.0,0.616
adaptive_n_back_0_311,0,1.0,0.818
adaptive_n_back_0_313,0,0.0,0.727
adaptive_n_back_0_315,0,1.0,0.392
adaptive_n_back_0_317,0,1.0,0.387
adaptive_n_back_0_319,0,1.0,0.469
adaptive_n_back_0_321,0,1.0,1.117
adaptive_n_back_0_323,0,1.0,0.695
adaptive_n_back_0_325,0,1.0,0.786
adaptive_n_back_0_327,0,0.0,0.699
adaptive_n_back_0_329,0,0.0,0.763
adaptive_n_back_0_331,0,1.0,0.637
adaptive_n_back_0_333,0,1.0,0.639
adaptive_n_back_0_335,0,1.0,0.693
adaptive_n_back_0_337,0,1.0,0.529
adaptive_n_back_0_341,0,1.0,0.713
adaptive_n_back_0_343,0,1.0,0.67
adaptive_n_back_0_345,0,1.0,0.569
adaptive_n_back_0_347,0,1.0,0.538
adaptive_n_back_0_349,0,1.0,0.468
adaptive_n_back_0_351,0,0.0,0.678
adaptive_n_back_0_353,0,1.0,0.714
adaptive_n_back_0_355,0,1.0,0.467
adaptive_n_back_0_357,0,1.0,0.78
adaptive_n_back_0_359,0,1.0,0.53
adaptive_n_back_0_361,0,1.0,0.477
adaptive_n_back_0_363,0,0.0,0.783
adaptive_n_back_0_365,0,1.0,0.875
adaptive_n_back_0_367,0,1.0,1.112
adaptive_n_back_0_369,0,1.0,0.827
adaptive_n_back_0_371,0,1.0,0.66
adaptive_n_back_0_373,0,0.0,0.676
adaptive_n_back_0_375,0,1.0,0.855
adaptive_n_back_0_377,0,1.0,0.826
adaptive_n_back_0_379,0,1.0,0.789
adaptive_n_back_0_381,0,1.0,0.687
adaptive_n_back_0_383,0,1.0,0.752
adaptive_n_back_0_387,0,1.0,0.526
adaptive_n_back_0_389,0,1.0,0.553
adaptive_n_back_0_391,0,1.0,0.458
adaptive_n_back_0_393,0,1.0,0.601
adaptive_n_back_0_395,0,1.0,0.713
adaptive_n_back_0_397,0,1.0,0.623
adaptive_n_back_0_399,0,1.0,0.856
adaptive_n_back_0_401,0,0.0,0.385
adaptive_n_back_0_403,0,1.0,0.455
adaptive_n_back_0_405,0,1.0,0.796
adaptive_n_back_0_407,0,1.0,0.456
adaptive_n_back_0_409,0,1.0,0.574
adaptive_n_back_0_411,0,0.0,0.732
adaptive_n_back_0_413,0,0.0,0.745
adaptive_n_back_0_415,0,1.0,0.843
adaptive_n_back_0_417,0,1.0,0.944
adaptive_n_back_0_419,0,1.0,0.642
adaptive_n_back_0_421,0,1.0,0.647
adaptive_n_back_0_423,0,1.0,0.616
adaptive_n_back_0_425,0,1.0,0.66
adaptive_n_back_0_427,0,1.0,0.55
adaptive_n_back_0_429,0,1.0,0.467
adaptive_n_back_0_433,0,1.0,0.54
adaptive_n_back_0_435,0,1.0,0.373
adaptive_n_back_0_437,0,1.0,0.472
adaptive_n_back_0_439,0,1.0,0.583
adaptive_n_back_0_441,0,1.0,0.559
adaptive_n_back_0_443,0,1.0,0.625
adaptive_n_back_0_445,0,1.0,0.733
adaptive_n_back_0_447,0,0.0,0.509
adaptive_n_back_0_449,0,0.0,0.691
adaptive_n_back_0_451,0,1.0,0.511
adaptive_n_back_0_453,0,1.0,0.456
adaptive_n_back_0_455,0,1.0,0.373
adaptive_n_back_0_457,0,1.0,0.343
adaptive_n_back_0_459,0,1.0,0.435
adaptive_n_back_0_461,0,1.0,1.14
adaptive_n_back_0_463,0,1.0,1.412
adaptive_n_back_0_465,0,0.0,0.978
adaptive_n_back_0_467,0,0.0,0.783
adaptive_n_back_0_469,0,1.0,0.662
adaptive_n_back_0_471,0,1.0,0.792
adaptive_n_back_0_473,0,1.0,0.478
adaptive_n_back_0_475,0,1.0,0.542
adaptive_n_back_0_479,0,1.0,0.959
adaptive_n_back_0_481,0,1.0,0.449
adaptive_n_back_0_483,0,1.0,0.329
adaptive_n_back_0_485,0,1.0,0.577
adaptive_n_back_0_487,0,1.0,0.77
adaptive_n_back_0_489,0,1.0,0.674
adaptive_n_back_0_491,0,1.0,0.674
adaptive_n_back_0_493,0,0.0,0.67
adaptive_n_back_0_495,0,1.0,0.465
adaptive_n_back_0_497,0,0.0,0.388
adaptive_n_back_0_499,0,1.0,0.461
adaptive_n_back_0_501,0,1.0,0.384
adaptive_n_back_0_503,0,1.0,0.457
adaptive_n_back_0_505,0,1.0,0.437
adaptive_n_back_0_507,0,1.0,0.728
adaptive_n_back_0_509,0,1.0,0.549
adaptive_n_back_0_511,0,1.0,0.752
adaptive_n_back_0_513,0,0.0,0.896
adaptive_n_back_0_515,0,1.0,0.642
adaptive_n_back_0_517,0,1.0,0.523
adaptive_n_back_0_519,0,1.0,0.354
adaptive_n_back_0_521,0,1.0,0.494
adaptive_n_back_0_525,0,1.0,0.534
adaptive_n_back_0_527,0,1.0,0.438
adaptive_n_back_0_529,0,1.0,0.499
adaptive_n_back_0_531,0,1.0,0.504
adaptive_n_back_0_533,0,1.0,0.741
adaptive_n_back_0_535,0,0.0,1.069
adaptive_n_back_0_537,0,0.0,0.892
adaptive_n_back_0_539,0,1.0,0.784
adaptive_n_back_0_541,0,1.0,0.617
adaptive_n_back_0_543,0,1.0,0.422
adaptive_n_back_0_545,0,1.0,0.438
adaptive_n_back_0_547,0,1.0,0.453
adaptive_n_back_0_549,0,1.0,0.566
adaptive_n_back_0_551,0,1.0,0.877
adaptive_n_back_0_553,0,0.0,0.82
adaptive_n_back_0_555,0,0.0,0.624
adaptive_n_back_0_557,0,1.0,0.555
adaptive_n_back_0_559,0,1.0,0.838
adaptive_n_back_0_561,0,1.0,0.366
adaptive_n_back_0_563,0,1.0,0.43
adaptive_n_back_0_565,0,1.0,0.453
adaptive_n_back_0_567,0,0.0,0.784
adaptive_n_back_0_571,0,1.0,0.447
adaptive_n_back_0_573,0,1.0,0.423
adaptive_n_back_0_575,0,0.0,0.494
adaptive_n_back_0_577,0,1.0,0.612
adaptive_n_back_0_579,0,1.0,0.641
adaptive_n_back_0_581,0,1.0,0.49
adaptive_n_back_0_583,0,1.0,0.689
adaptive_n_back_0_585,0,1.0,0.707
adaptive_n_back_0_587,0,1.0,0.611
adaptive_n_back_0_589,0,0.0,0.514
adaptive_n_back_0_591,0,0.0,0.523
adaptive_n_back_0_593,0,1.0,0.659
adaptive_n_back_0_595,0,1.0,0.567
adaptive_n_back_0_597,0,1.0,0.453
adaptive_n_back_0_599,0,1.0,0.734
adaptive_n_back_0_601,0,1.0,0.496
adaptive_n_back_0_603,0,1.0,0.463
adaptive_n_back_0_605,0,1.0,0.39
adaptive_n_back_0_607,0,0.0,0.493
adaptive_n_back_0_609,0,1.0,0.54
adaptive_n_back_0_613,0,1.0,0.474
adaptive_n_back_0_617,0,1.0,0.496
adaptive_n_back_0_619,0,1.0,0.302
adaptive_n_back_0_621,0,1.0,0.414
adaptive_n_back_0_623,0,1.0,0.405
adaptive_n_back_0_625,0,0.0,0.62
adaptive_n_back_0_627,0,1.0,0.51
adaptive_n_back_0_629,0,1.0,0.713
adaptive_n_back_0_631,0,1.0,0.584
adaptive_n_back_0_633,0,0.0,0.56
adaptive_n_back_0_635,0,1.0,0.391
adaptive_n_back_0_637,0,1.0,0.485
adaptive_n_back_0_639,0,1.0,0.446
adaptive_n_back_0_641,0,0.0,0.405
adaptive_n_back_0_643,0,0.0,0.676
adaptive_n_back_0_647,0,1.0,1.194
adaptive_n_back_0_649,0,0.0,0.523
adaptive_n_back_0_651,0,1.0,0.577
adaptive_n_back_0_653,0,1.0,0.393
adaptive_n_back_0_655,0,1.0,0.488
adaptive_n_back_0_657,0,1.0,0.535
adaptive_n_back_0_659,0,1.0,0.584
adaptive_n_back_0_751,0,1.0,0.531
adaptive_n_back_0_753,0,1.0,0.346
adaptive_n_back_0_755,0,1.0,0.359
adaptive_n_back_0_757,0,1.0,0.421
adaptive_n_back_0_759,0,0.0,0.476
adaptive_n_back_0_761,0,1.0,0.987
adaptive_n_back_0_763,0,0.0,0.671
adaptive_n_back_0_765,0,0.0,0.394
adaptive_n_back_0_767,0,1.0,0.595
adaptive_n_back_0_769,0,1.0,0.7
adaptive_n_back_0_771,0,1.0,0.465
adaptive_n_back_0_773,0,1.0,0.488
adaptive_n_back_0_775,0,1.0,0.538
adaptive_n_back_0_777,0,1.0,0.569
adaptive_n_back_0_779,0,1.0,0.462
adaptive_n_back_0_781,0,1.0,0.512
adaptive_n_back_0_783,0,0.0,0.725
adaptive_n_back_0_785,0,0.0,1.011
adaptive_n_back_0_787,0,0.0,0.866
adaptive_n_back_0_789,0,1.0,0.537
adaptive_n_back_0_791,0,1.0,0.463
adaptive_n_back_0_793,0,1.0,0.502
adaptive_n_back_0_841,0,1.0,0.475
adaptive_n_back_0_843,0,1.0,0.289
adaptive_n_back_0_845,0,1.0,0.408
adaptive_n_back_0_847,0,1.0,0.462
adaptive_n_back_0_849,0,1.0,0.507
adaptive_n_back_0_851,0,1.0,0.715
adaptive_n_back_0_853,0,1.0,0.457
adaptive_n_back_0_855,0,1.0,0.625
adaptive_n_back_0_857,0,1.0,0.695
adaptive_n_back_0_859,0,1.0,0.605
adaptive_n_back_0_861,0,1.0,0.45
adaptive_n_back_0_863,0,1.0,0.368
adaptive_n_back_0_865,0,1.0,0.423
adaptive_n_back_0_867,0,1.0,0.443
adaptive_n_back_0_869,0,1.0,0.4
adaptive_n_back_0_871,0,1.0,0.624
adaptive_n_back_0_873,0,1.0,0.509
adaptive_n_back_0_875,0,1.0,0.483
adaptive_n_back_0_877,0,1.0,0.531
adaptive_n_back_0_879,0,1.0,0.715
adaptive_n_back_0_881,0,1.0,0.456
adaptive_n_back_0_883,0,1.0,0.467
adaptive_n_back_1_026,1,1.0,0.708
adaptive_n_back_1_028,1,1.0,1.013
adaptive_n_back_1_030,1,0.0,0.745
adaptive_n_back_1_032,1,0.0,0.403
adaptive_n_back_1_034,1,0.0,0.399
adaptive_n_back_1_036,1,1.0,0.321
adaptive_n_back_1_038,1,0.0,0.62
adaptive_n_back_1_040,1,1.0,0.726
adaptive_n_back_1_042,1,0.0,0.554
adaptive_n_back_1_044,1,1.0,0.582
adaptive_n_back_1_046,1,0.0,0.417
adaptive_n_back_1_048,1,0.0,0.437
adaptive_n_back_1_050,1,0.0,0.585
adaptive_n_back_1_052,1,0.0,0.314
adaptive_n_back_1_054,1,0.0,0.342
adaptive_n_back_1_056,1,0.0,0.28
adaptive_n_back_1_058,1,1.0,0.162
adaptive_n_back_1_060,1,0.0,0.334
adaptive_n_back_1_062,1,1.0,0.419
adaptive_n_back_1_064,1,0.0,0.579
adaptive_n_back_1_066,1,0.0,0.397
adaptive_n_back_1_068,1,1.0,0.401
adaptive_n_back_1_160,1,1.0,0.38
adaptive_n_back_1_162,1,1.0,0.327
adaptive_n_back_1_164,1,1.0,0.416
adaptive_n_back_1_166,1,0.0,0.761
adaptive_n_back_1_168,1,1.0,0.491
adaptive_n_back_1_170,1,1.0,0.615
adaptive_n_back_1_172,1,1.0,0.422
adaptive_n_back_1_174,1,1.0,0.296
adaptive_n_back_1_176,1,0.0,0.402
adaptive_n_back_1_178,1,1.0,0.444
adaptive_n_back_1_180,1,1.0,0.404
adaptive_n_back_1_182,1,0.0,0.392
adaptive_n_back_1_184,1,1.0,0.415
adaptive_n_back_1_186,1,0.0,0.754
adaptive_n_back_1_188,1,1.0,0.372
adaptive_n_back_1_190,1,0.0,0.349
adaptive_n_back_1_192,1,1.0,0.536
adaptive_n_back_1_194,1,1.0,0.513
adaptive_n_back_1_196,1,1.0,0.625
adaptive_n_back_1_198,1,1.0,0.898
adaptive_n_back_1_200,1,1.0,0.379
adaptive_n_back_1_202,1,1.0,0.895
adaptive_n_back_1_206,1,1.0,0.396
adaptive_n_back_1_208,1,1.0,0.357
adaptive_n_back_1_210,1,1.0,0.32
adaptive_n_back_1_212,1,1.0,0.472
adaptive_n_back_1_214,1,1.0,0.452
adaptive_n_back_1_216,1,1.0,0.452
adaptive_n_back_1_218,1,1.0,0.381
adaptive_n_back_1_220,1,1.0,0.542
adaptive_n_back_1_222,1,1.0,0.576
adaptive_n_back_1_224,1,1.0,0.595
adaptive_n_back_1_226,1,1.0,0.693
adaptive_n_back_1_228,1,1.0,0.438
adaptive_n_back_1_230,1,1.0,0.423
adaptive_n_back_1_232,1,1.0,0.416
adaptive_n_back_1_234,1,1.0,0.401
adaptive_n_back_1_236,1,1.0,0.396
adaptive_n_back_1_238,1,1.0,0.477
adaptive_n_back_1_240,1,1.0,0.47
adaptive_n_back_1_242,1,1.0,0.526
adaptive_n_back_1_244,1,1.0,0.375
adaptive_n_back_1_246,1,1.0,0.418
adaptive_n_back_1_248,1,1.0,0.473
adaptive_n_back_1_300,1,0.0,0.413
adaptive_n_back_1_302,1,1.0,0.35
adaptive_n_back_1_304,1,1.0,0.494
adaptive_n_back_1_306,1,1.0,0.383
adaptive_n_back_1_308,1,0.0,0.455
adaptive_n_back_1_310,1,1.0,0.471
adaptive_n_back_1_312,1,1.0,0.415
adaptive_n_back_1_314,1,0.0,0.512
adaptive_n_back_1_316,1,1.0,0.465
adaptive_n_back_1_318,1,1.0,0.321
adaptive_n_back_1_320,1,1.0,0.424
adaptive_n_back_1_322,1,1.0,0.394
adaptive_n_back_1_324,1,1.0,0.433
adaptive_n_back_1_326,1,1.0,0.568
adaptive_n_back_1_328,1,0.0,0.424
adaptive_n_back_1_330,1,0.0,0.585
adaptive_n_back_1_332,1,1.0,0.425
adaptive_n_back_1_334,1,0.0,0.311
adaptive_n_back_1_336,1,1.0,0.526
adaptive_n_back_1_338,1,1.0,0.43
adaptive_n_back_1_340,1,0.0,0.366
adaptive_n_back_1_342,1,0.0,0.527
adaptive_n_back_1_526,1,1.0,0.516
adaptive_n_back_1_528,1,1.0,0.401
adaptive_n_back_1_530,1,1.0,0.71
adaptive_n_back_1_532,1,0.0,0.597
adaptive_n_back_1_534,1,1.0,0.621
adaptive_n_back_1_536,1,0.0,0.54
adaptive_n_back_1_538,1,0.0,0.41
adaptive_n_back_1_540,1,0.0,0.335
adaptive_n_back_1_542,1,0.0,0.556
adaptive_n_back_1_544,1,1.0,0.416
adaptive_n_back_1_546,1,0.0,0.486
adaptive_n_back_1_548,1,0.0,0.443
adaptive_n_back_1_550,1,0.0,0.487
adaptive_n_back_1_552,1,0.0,0.38
adaptive_n_back_1_554,1,1.0,0.056
adaptive_n_back_1_556,1,1.0,0.957
adaptive_n_back_1_558,1,0.0,1.947
adaptive_n_back_1_560,1,1.0,1.132
adaptive_n_back_1_562,1,1.0,0.187
adaptive_n_back_1_564,1,1.0,0.081
adaptive_n_back_1_614,1,1.0,0.651
adaptive_n_back_1_616,1,1.0,0.422
adaptive_n_back_1_618,1,1.0,0.385
adaptive_n_back_1_620,1,1.0,0.413
adaptive_n_back_1_622,1,1.0,0.6
adaptive_n_back_1_624,1,1.0,0.798
adaptive_n_back_1_626,1,0.0,0.473
adaptive_n_back_1_628,1,0.0,1.021
adaptive_n_back_1_630,1,1.0,0.4
adaptive_n_back_1_632,1,1.0,0.598
adaptive_n_back_1_634,1,1.0,0.33
adaptive_n_back_1_636,1,1.0,0.485
adaptive_n_back_1_638,1,1.0,0.473
adaptive_n_back_1_640,1,1.0,0.477
adaptive_n_back_1_642,1,1.0,0.442
adaptive_n_back_1_644,1,1.0,0.501
adaptive_n_back_1_646,1,0.0,0.507
adaptive_n_back_1_648,1,0.0,0.372
adaptive_n_back_1_650,1,0.0,0.591
adaptive_n_back_1_652,1,1.0,0.578
adaptive_n_back_1_654,1,1.0,0.366
adaptive_n_back_1_658,1,0.0,0.423
adaptive_n_back_1_660,1,0.0,0.434
adaptive_n_back_1_662,1,1.0,0.421
adaptive_n_back_1_664,1,1.0,0.44
adaptive_n_back_1_666,1,1.0,0.508
adaptive_n_back_1_668,1,1.0,0.598
adaptive_n_back_1_670,1,1.0,0.424
adaptive_n_back_1_672,1,1.0,0.508
adaptive_n_back_1_674,1,1.0,0.479
adaptive_n_back_1_676,1,1.0,0.41
adaptive_n_back_1_678,1,1.0,0.391
adaptive_n_back_1_680,1,1.0,0.654
adaptive_n_back_1_682,1,1.0,0.423
adaptive_n_back_1_684,1,1.0,0.403
adaptive_n_back_1_686,1,1.0,0.415
adaptive_n_back_1_688,1,1.0,0.395
adaptive_n_back_1_690,1,0.0,0.389
adaptive_n_back_1_692,1,1.0,0.386
adaptive_n_back_1_694,1,1.0,0.595
adaptive_n_back_1_696,1,1.0,0.453
adaptive_n_back_1_698,1,1.0,0.537
adaptive_n_back_1_700,1,1.0,0.523
adaptive_n_back_1_804,1,1.0,0.785
adaptive_n_back_1_806,1,1.0,0.402
adaptive_n_back_1_808,1,1.0,0.444
adaptive_n_back_1_810,1,1.0,0.432
adaptive_n_back_1_812,1,1.0,0.354
adaptive_n_back_1_814,1,1.0,0.424
adaptive_n_back_1_816,1,1.0,0.353
adaptive_n_back_1_818,1,1.0,0.421
adaptive_n_back_1_820,1,1.0,0.614
adaptive_n_back_1_822,1,1.0,0.375
adaptive_n_back_1_824,1,1.0,0.432
adaptive_n_back_1_826,1,1.0,0.531
adaptive_n_back_1_828,1,1.0,0.436
adaptive_n_back_1_830,1,0.0,0.68
adaptive_n_back_1_832,1,1.0,0.365
adaptive_n_back_1_834,1,1.0,0.43
adaptive_n_back_1_836,1,0.0,0.594
adaptive_n_back_1_838,1,0.0,0.461
adaptive_n_back_1_840,1,1.0,0.581
adaptive_n_back_1_842,1,1.0,0.536
adaptive_n_back_1_846,1,1.0,1.059
adaptive_n_back_1_848,1,1.0,0.453
adaptive_n_back_1_850,1,1.0,0.39
adaptive_n_back_1_852,1,0.0,0.432
adaptive_n_back_1_854,1,0.0,0.362
adaptive_n_back_1_856,1,0.0,0.379
adaptive_n_back_1_858,1,1.0,0.39
adaptive_n_back_1_860,1,1.0,0.457
adaptive_n_back_1_862,1,0.0,0.445
adaptive_n_back_1_864,1,1.0,0.494
adaptive_n_back_1_866,1,1.0,0.493
adaptive_n_back_1_868,1,1.0,0.392
adaptive_n_back_1_870,1,0.0,0.457
adaptive_n_back_1_872,1,1.0,0.347
adaptive_n_back_1_874,1,1.0,0.464
adaptive_n_back_1_876,1,1.0,0.392
adaptive_n_back_1_878,1,1.0,0.337
adaptive_n_back_1_880,1,1.0,0.439
adaptive_n_back_1_882,1,1.0,0.426
adaptive_n_back_1_884,1,1.0,0.431
adaptive_n_back_1_886,1,1.0,0.417
adaptive_n_back_1_888,1,1.0,0.371
adaptive_n_back_1_894,1,1.0,1.053
adaptive_n_back_1_896,1,0.0,0.499
adaptive_n_back_1_898,1,1.0,0.577
adaptive_n_back_1_900,1,1.0,0.426
adaptive_n_back_1_902,1,1.0,0.581
adaptive_n_back_1_904,1,0.0,0.416
adaptive_n_back_1_906,1,1.0,0.686
adaptive_n_back_1_908,1,1.0,0.621
adaptive_n_back_1_910,1,1.0,0.452
adaptive_n_back_1_912,1,1.0,0.517
adaptive_n_back_1_914,1,1.0,0.593
adaptive_n_back_1_916,1,1.0,0.525
adaptive_n_back_1_918,1,0.0,0.702
adaptive_n_back_1_920,1,1.0,0.374
adaptive_n_back_1_922,1,1.0,0.358
adaptive_n_back_1_924,1,1.0,0.462
adaptive_n_back_1_926,1,1.0,0.552
adaptive_n_back_1_928,1,0.0,0.434
adaptive_n_back_1_930,1,0.0,0.38
adaptive_n_back_1_932,1,1.0,0.605
adaptive_n_back_1_934,1,0.0,0.347
adaptive_n_back_2_026,2,1.0,0.777
adaptive_n_back_2_028,2,1.0,0.769
adaptive_n_back_2_030,2,1.0,0.417
adaptive_n_back_2_032,2,1.0,0.467
adaptive_n_back_2_034,2,1.0,0.408
adaptive_n_back_2_036,2,1.0,0.537
adaptive_n_back_2_038,2,1.0,0.397
adaptive_n_back_2_040,2,1.0,0.389
adaptive_n_back_2_042,2,1.0,0.461
adaptive_n_back_2_044,2,1.0,0.442
adaptive_n_back_2_046,2,1.0,0.593
adaptive_n_back_2_048,2,1.0,0.667
adaptive_n_back_2_050,2,1.0,0.653
adaptive_n_back_2_052,2,1.0,0.484
adaptive_n_back_2_054,2,1.0,0.452
adaptive_n_back_2_056,2,1.0,0.57
adaptive_n_back_2_058,2,0.0,0.447
adaptive_n_back_2_060,2,1.0,0.768
adaptive_n_back_2_062,2,1.0,0.503
adaptive_n_back_2_064,2,1.0,0.363
adaptive_n_back_2_066,2,1.0,0.433
adaptive_n_back_2_068,2,0.0,0.617
adaptive_n_back_2_168,2,1.0,0.585
adaptive_n_back_2_170,2,1.0,0.521
adaptive_n_back_2_172,2,1.0,0.516
adaptive_n_back_2_174,2,1.0,0.514
adaptive_n_back_2_176,2,1.0,0.449
adaptive_n_back_2_178,2,1.0,0.472
adaptive_n_back_2_180,2,1.0,0.415
adaptive_n_back_2_182,2,1.0,0.428
adaptive_n_back_2_184,2,1.0,0.547
adaptive_n_back_2_186,2,1.0,0.355
adaptive_n_back_2_188,2,1.0,0.44
adaptive_n_back_2_190,2,1.0,0.378
adaptive_n_back_2_192,2,1.0,0.416
adaptive_n_back_2_194,2,1.0,0.778
adaptive_n_back_2_196,2,1.0,0.587
adaptive_n_back_2_198,2,1.0,0.452
adaptive_n_back_2_200,2,1.0,0.543
adaptive_n_back_2_202,2,1.0,0.533
adaptive_n_back_2_204,2,0.0,0.445
adaptive_n_back_2_206,2,1.0,0.349
adaptive_n_back_2_208,2,0.0,0.395
adaptive_n_back_2_210,2,1.0,0.363
adaptive_n_back_2_310,2,1.0,0.586
adaptive_n_back_2_312,2,1.0,0.44
adaptive_n_back_2_314,2,1.0,0.519
adaptive_n_back_2_316,2,1.0,0.391
adaptive_n_back_2_318,2,1.0,0.379
adaptive_n_back_2_320,2,1.0,0.383
adaptive_n_back_2_322,2,1.0,0.529
adaptive_n_back_2_324,2,0.0,0.351
adaptive_n_back_2_326,2,1.0,0.355
adaptive_n_back_2_328,2,1.0,0.53
adaptive_n_back_2_330,2,1.0,0.258
adaptive_n_back_2_332,2,1.0,0.452
adaptive_n_back_2_334,2,0.0,0.431
adaptive_n_back_2_336,2,1.0,0.349
adaptive_n_back_2_338,2,1.0,0.681
adaptive_n_back_2_340,2,0.0,0.388
adaptive_n_back_2_342,2,1.0,0.388
adaptive_n_back_2_344,2,1.0,0.552
adaptive_n_back_2_346,2,0.0,0.342
adaptive_n_back_2_348,2,1.0,0.359
adaptive_n_back_2_350,2,1.0,0.352
adaptive_n_back_2_352,2,1.0,0.43
adaptive_n_back_2_356,2,1.0,0.453
adaptive_n_back_2_358,2,1.0,0.369
adaptive_n_back_2_360,2,1.0,0.355
adaptive_n_back_2_362,2,1.0,0.541
adaptive_n_back_2_364,2,1.0,0.401
adaptive_n_back_2_366,2,1.0,0.485
adaptive_n_back_2_368,2,1.0,0.468
adaptive_n_back_2_370,2,1.0,0.486
adaptive_n_back_2_372,2,1.0,0.361
adaptive_n_back_2_374,2,1.0,0.385
adaptive_n_back_2_376,2,1.0,0.49
adaptive_n_back_2_378,2,1.0,0.379
adaptive_n_back_2_380,2,1.0,0.448
adaptive_n_back_2_382,2,1.0,0.384
adaptive_n_back_2_384,2,1.0,0.462
adaptive_n_back_2_386,2,1.0,0.466
adaptive_n_back_2_388,2,1.0,0.466
adaptive_n_back_2_390,2,1.0,0.468
adaptive_n_back_2_392,2,1.0,0.341
adaptive_n_back_2_394,2,1.0,0.385
adaptive_n_back_2_396,2,1.0,0.425
adaptive_n_back_2_398,2,1.0,0.44
adaptive_n_back_2_450,2,1.0,0.528
adaptive_n_back_2_452,2,1.0,0.401
adaptive_n_back_2_454,2,1.0,0.413
adaptive_n_back_2_456,2,0.0,0.372
adaptive_n_back_2_458,2,1.0,0.431
adaptive_n_back_2_460,2,0.0,0.583
adaptive_n_back_2_462,2,0.0,0.269
adaptive_n_back_2_464,2,1.0,0.678
adaptive_n_back_2_466,2,1.0,0.397
adaptive_n_back_2_468,2,1.0,0.353
adaptive_n_back_2_470,2,1.0,0.426
adaptive_n_back_2_472,2,0.0,0.54
adaptive_n_back_2_474,2,1.0,0.449
adaptive_n_back_2_476,2,0.0,0.512
adaptive_n_back_2_478,2,1.0,0.334
adaptive_n_back_2_480,2,1.0,0.501
adaptive_n_back_2_482,2,1.0,0.409
adaptive_n_back_2_484,2,1.0,0.37
adaptive_n_back_2_486,2,1.0,0.379
adaptive_n_back_2_488,2,1.0,0.361
adaptive_n_back_2_490,2,1.0,0.483
adaptive_n_back_2_492,2,1.0,0.487
adaptive_n_back_2_496,2,1.0,0.453
adaptive_n_back_2_498,2,1.0,0.418
adaptive_n_back_2_500,2,1.0,0.571
adaptive_n_back_2_502,2,1.0,0.523
adaptive_n_back_2_504,2,1.0,0.422
adaptive_n_back_2_506,2,1.0,0.429
adaptive_n_back_2_508,2,1.0,0.409
adaptive_n_back_2_510,2,1.0,0.403
adaptive_n_back_2_512,2,1.0,0.426
adaptive_n_back_2_514,2,1.0,0.354
adaptive_n_back_2_516,2,0.0,0.467
adaptive_n_back_2_518,2,1.0,0.438
adaptive_n_back_2_520,2,1.0,0.407
adaptive_n_back_2_522,2,1.0,0.331
adaptive_n_back_2_524,2,1.0,0.432
adaptive_n_back_2_526,2,1.0,0.392
adaptive_n_back_2_528,2,1.0,0.443
adaptive_n_back_2_530,2,1.0,0.436
adaptive_n_back_2_532,2,1.0,0.511
adaptive_n_back_2_534,2,1.0,0.412
adaptive_n_back_2_536,2,1.0,0.525
adaptive_n_back_2_538,2,0.0,0.398
adaptive_n_back_2_638,2,1.0,0.55
adaptive_n_back_2_640,2,1.0,0.537
adaptive_n_back_2_642,2,1.0,0.427
adaptive_n_back_2_644,2,1.0,0.491
adaptive_n_back_2_646,2,0.0,0.604
adaptive_n_back_2_648,2,1.0,0.431
adaptive_n_back_2_650,2,1.0,0.557
adaptive_n_back_2_652,2,1.0,0.596
adaptive_n_back_2_654,2,1.0,0.523
adaptive_n_back_2_656,2,1.0,0.436
adaptive_n_back_2_658,2,1.0,0.462
adaptive_n_back_2_660,2,1.0,0.528
adaptive_n_back_2_662,2,1.0,0.525
adaptive_n_back_2_664,2,1.0,0.449
adaptive_n_back_2_666,2,1.0,0.519
adaptive_n_back_2_668,2,1.0,0.65
adaptive_n_back_2_670,2,1.0,0.603
adaptive_n_back_2_672,2,1.0,0.498
adaptive_n_back_2_674,2,1.0,0.47
adaptive_n_back_2_676,2,1.0,0.466
adaptive_n_back_2_678,2,1.0,0.521
adaptive_n_back_2_680,2,0.0,0.383
